GROUP,PACKAGE,CLASS,INSTRUCTION_MISSED,INSTRUCTION_COVERED,BRANCH_MISSED,BRANCH_COVERED,LINE_MISSED,LINE_COVERED,COMPLEXITY_MISSED,COMPLEXITY_COVERED,METHOD_MISSED,METHOD_COVERED
cas-sales,ph.com.guanzongroup.cas.sales.status,SalesGiveawaysStatus,3,0,0,0,1,0,1,0,1,0
cas-sales,ph.com.guanzongroup.cas.sales.status,SalesInquiryStatic.CategoryCode,3,0,0,0,1,0,1,0,1,0
cas-sales,ph.com.guanzongroup.cas.sales.status,VSPStatic,39,0,0,0,5,0,2,0,2,0
cas-sales,ph.com.guanzongroup.cas.sales.status,SalesInquiryStatic.PurchaseType,3,0,0,0,1,0,1,0,1,0
cas-sales,ph.com.guanzongroup.cas.sales.status,SalesInquiryStatic.ClientType,3,0,0,0,1,0,1,0,1,0
cas-sales,ph.com.guanzongroup.cas.sales.status,SalesVehicleReleaseQueries,13,0,0,0,6,0,6,0,6,0
cas-sales,ph.com.guanzongroup.cas.sales.status,BankApplicationStatus,3,0,0,0,1,0,1,0,1,0
cas-sales,ph.com.guanzongroup.cas.sales.status,SalesVehicleReleaseStatic.AddOnType,7,0,0,0,2,0,1,0,1,0
cas-sales,ph.com.guanzongroup.cas.sales.status,SalesInquiryStatic.Industry,3,0,0,0,1,0,1,0,1,0
cas-sales,ph.com.guanzongroup.cas.sales.status,SalesInquiryStatic,3,0,0,0,1,0,1,0,1,0
cas-sales,ph.com.guanzongroup.cas.sales.status,CustomerInquiryFollowUpStatic.InquiryType,7,0,0,0,2,0,1,0,1,0
cas-sales,ph.com.guanzongroup.cas.sales.status,SalesVehicleReleaseStatic,39,0,0,0,5,0,2,0,2,0
cas-sales,ph.com.guanzongroup.cas.sales.status,SalesVehicleReleaseStatic.UnitType,7,0,0,0,2,0,1,0,1,0
cas-sales,ph.com.guanzongroup.cas.sales.status,BankApplicationStatus.Reverse,3,0,0,0,1,0,1,0,1,0
cas-sales,ph.com.guanzongroup.cas.sales.status,CustomerInquiryFollowUpStatic,67,323,17,7,18,26,14,4,3,3
cas-sales,ph.com.guanzongroup.cas.sales.status,VSPStatic.UnitType,7,0,0,0,2,0,1,0,1,0
cas-sales,ph.com.guanzongroup.cas.sales,SalesVehicleRelease,1138,0,76,0,195,0,49,0,11,0
cas-sales,ph.com.guanzongroup.cas.sales,SalesInquirySources,344,0,20,0,54,0,17,0,7,0
cas-sales,ph.com.guanzongroup.cas.sales,SalesCommitment,4430,0,346,0,818,0,236,0,58,0
cas-sales,ph.com.guanzongroup.cas.sales,SalesReservation.StockSummary,6,21,0,0,2,8,2,3,2,3
cas-sales,ph.com.guanzongroup.cas.sales,SalesBankApplication,2655,0,214,0,488,0,156,0,41,0
cas-sales,ph.com.guanzongroup.cas.sales,CasSalesT1,7,0,0,0,3,0,2,0,2,0
cas-sales,ph.com.guanzongroup.cas.sales,RequirementsSource,590,0,38,0,98,0,29,0,10,0
cas-sales,ph.com.guanzongroup.cas.sales,VSP,1023,0,62,0,168,0,54,0,23,0
cas-sales,ph.com.guanzongroup.cas.sales,SalesAgent,1715,0,139,0,336,0,96,0,23,0
cas-sales,ph.com.guanzongroup.cas.sales,CustomerInquiryFollowUp,1015,2074,91,115,143,355,73,63,2,29
cas-sales,ph.com.guanzongroup.cas.sales,RequirementsSourcePerGroup,912,0,54,0,145,0,43,0,16,0
cas-sales,ph.com.guanzongroup.cas.sales,SalesAgent.SalesAgentConstants,3,0,0,0,1,0,1,0,1,0
cas-sales,ph.com.guanzongroup.cas.sales,Salesman,1134,86,86,4,180,16,60,4,15,4
cas-sales,ph.com.guanzongroup.cas.sales,SalesGiveaways,1618,845,153,69,287,162,109,48,12,29
cas-sales,ph.com.guanzongroup.cas.sales,SalesReservation,1739,2405,195,134,299,429,150,70,7,43
cas-sales,ph.com.guanzongroup.cas.sales,SalesInquiry,7586,161,614,1,1266,39,421,10,104,10
cas-sales,ph.com.guanzongroup.cas.sales.services,SalesModels,360,333,54,18,108,95,45,11,9,11
cas-sales,ph.com.guanzongroup.cas.sales.services,SalesControllers,428,200,39,9,116,56,31,7,8,6
cas-sales,ph.com.guanzongroup.cas.sales.validator,SalesInquiry_MP,522,0,50,0,108,0,45,0,17,0
cas-sales,ph.com.guanzongroup.cas.sales.validator,SalesInquiryValidatorFactory,37,0,7,0,9,0,8,0,2,0
cas-sales,ph.com.guanzongroup.cas.sales.validator,SalesInquiryRequirements,97,0,6,0,25,0,12,0,9,0
cas-sales,ph.com.guanzongroup.cas.sales.validator,SalesCommitmentValidator,580,0,57,0,118,0,43,0,13,0
cas-sales,ph.com.guanzongroup.cas.sales.validator,VSPValidator,553,0,56,0,113,0,48,0,17,0
cas-sales,ph.com.guanzongroup.cas.sales.validator,Sales_Reservation_Validator_Hospitality,351,0,55,0,68,0,40,0,11,0
cas-sales,ph.com.guanzongroup.cas.sales.validator,Sales_Reservation_Validator_Vehicle,351,0,55,0,68,0,40,0,11,0
cas-sales,ph.com.guanzongroup.cas.sales.validator,Sales_Reservation_Validator_LP,351,0,55,0,68,0,40,0,11,0
cas-sales,ph.com.guanzongroup.cas.sales.validator,SalesInquiry_Vehicle,584,0,62,0,118,0,51,0,17,0
cas-sales,ph.com.guanzongroup.cas.sales.validator,Sales_Reservation_Validator_MP,169,182,28,27,37,31,31,9,4,7
cas-sales,ph.com.guanzongroup.cas.sales.validator,SalesInquiry_LP,522,0,50,0,108,0,45,0,17,0
cas-sales,ph.com.guanzongroup.cas.sales.validator,SalesInquiry_Appliances,522,0,50,0,108,0,45,0,17,0
cas-sales,ph.com.guanzongroup.cas.sales.validator,Sales_Reservation_Validator_Factory,21,12,5,1,6,2,6,1,1,1
cas-sales,ph.com.guanzongroup.cas.sales.validator,Sales_Reservation_Validator_MC,351,0,55,0,68,0,40,0,11,0
cas-sales,ph.com.guanzongroup.cas.sales.validator,SalesInquiry_MC,553,0,56,0,113,0,48,0,17,0
cas-sales,ph.com.guanzongroup.cas.sales.validator,SalesInquiry_Monarch,522,0,50,0,108,0,45,0,17,0
cas-sales,ph.com.guanzongroup.cas.sales.validator,BankApplication,380,0,29,0,83,0,29,0,13,0
cas-sales,ph.com.guanzongroup.cas.sales.utility,TextFormaterUtil.TextUnaryOperator,17,0,2,0,6,0,3,0,2,0
cas-sales,ph.com.guanzongroup.cas.sales.utility,ModelSalesReservationDetail,211,0,0,0,52,0,23,0,23,0
cas-sales,ph.com.guanzongroup.cas.sales.utility,CustomCommonUtil,755,0,82,0,158,0,71,0,30,0
cas-sales,ph.com.guanzongroup.cas.sales.utility,TextFormaterUtil,7,0,0,0,2,0,1,0,1,0
cas-sales,ph.com.guanzongroup.cas.sales.model,Model_Sales_Agent,221,0,8,0,49,0,22,0,18,0
cas-sales,ph.com.guanzongroup.cas.sales.model,Model_Sales_Commitment_Master,999,0,68,0,208,0,107,0,73,0
cas-sales,ph.com.guanzongroup.cas.sales.model,Model_Sales_Giveaways_Item,77,149,14,4,17,30,11,12,2,12
cas-sales,ph.com.guanzongroup.cas.sales.model,Model_Sales_Inquiry_Requirements,627,0,52,0,127,0,54,0,28,0
cas-sales,ph.com.guanzongroup.cas.sales.model,Model_Customer_Inquiry_FollowUp,404,267,49,5,79,60,43,32,16,32
cas-sales,ph.com.guanzongroup.cas.sales.model,Model_Requirement_Source,145,0,2,0,30,0,16,0,15,0
cas-sales,ph.com.guanzongroup.cas.sales.model,Model_Sales_Commitment_Detail,284,0,22,0,57,0,31,0,20,0
cas-sales,ph.com.guanzongroup.cas.sales.model,Model_Sales_Inquiry_Detail,466,241,66,10,94,49,61,9,23,9
cas-sales,ph.com.guanzongroup.cas.sales.model,Model_Vehicle_Release_Master,544,0,40,0,111,0,52,0,32,0
cas-sales,ph.com.guanzongroup.cas.sales.model,Model_Requirement_Source_PerGroup,364,0,16,0,71,0,29,0,21,0
cas-sales,ph.com.guanzongroup.cas.sales.model,Model_Bank_Application,353,0,12,0,73,0,44,0,38,0
cas-sales,ph.com.guanzongroup.cas.sales.model,Model_Sales_Reservation_Detail,273,274,27,7,59,54,33,22,18,20
cas-sales,ph.com.guanzongroup.cas.sales.model,Model_Sales_Giveaways_Master,174,192,20,0,35,40,20,21,10,21
cas-sales,ph.com.guanzongroup.cas.sales.model,Model_Sales_Inquiry_Sources,76,59,2,0,14,14,12,2,11,2
cas-sales,ph.com.guanzongroup.cas.sales.model,Model_Vsp_Master,962,0,56,0,199,0,126,0,98,0
cas-sales,ph.com.guanzongroup.cas.sales.model,Model_Sales_Reservation_Master,412,345,42,0,80,69,48,36,27,36
cas-sales,ph.com.guanzongroup.cas.sales.model,Model_Salesman,264,79,30,0,50,18,35,2,20,2
cas-sales,ph.com.guanzongroup.cas.sales.model,Model_Sales_Quotation_Master,995,0,90,0,192,0,113,0,68,0
cas-sales,ph.com.guanzongroup.cas.sales.model,Model_Sales_Inquiry_Master,801,199,85,1,158,44,95,11,52,11
cas-sales,ph.com.guanzongroup.cas.sales.constant,Sales_Reservation_Static.DefaultValues,3,0,0,0,1,0,1,0,1,0
cas-sales,ph.com.guanzongroup.cas.sales.constant,Sales_Reservation_Static.Source,3,0,0,0,1,0,1,0,1,0
cas-sales,ph.com.guanzongroup.cas.sales.constant,Sales_Reservation_Static,3,0,0,0,1,0,1,0,1,0
cas-sales,ph.com.guanzongroup.cas.sales.constant,Sales_Reservation_Static.highlighter,3,0,0,0,1,0,1,0,1,0
cas-sales,ph.com.guanzongroup.cas.sales.constant,Sales_Reservation_Static.String_Status,3,0,0,0,1,0,1,0,1,0
